{"Minimum loss": 4.066440652999878, "_step": 31257, "_runtime": 3934, "_timestamp": 1604392145, "Mean loss": 4.068097903416442, "Average self-labelling accuracy": 0}