{"Minimum loss": -13.811963272094726, "_step": 9, "_runtime": 7, "_timestamp": 1604387349, "Mean loss": -13.81045066833496}